{
  "version": "1.0",
  "TP list": [
    {
      "index": 0,
      "seedTP": 3,
      "batch_size": 10,
      "epoch_size": 100,
      "cyclesPerOneStepFwdOfEpoch": 1,
      "learning_rate": 0.8,
      "minRange": -11,
      "maxRange": 16,
      "yParam": [
        [
          1
        ],
        [
          0
        ],
        [
          0
        ],
        [
          1
        ]
      ],
      "xPercents": [
        14,
        24,
        5,
        57
      ],
      "w1": [
        [
          -7.930855462122108,
          -0.4368388566171255
        ],
        [
          2.9519849307768187,
          0.6269565511828006
        ],
        [
          4.8435614288297995,
          8.921620256888325
        ]
      ],
      "w1_lock": [
        [
          0.0,
          0.0
        ],
        [
          0.0,
          0.0
        ],
        [
          0.0,
          0.0
        ]
      ],
      "activation1": "LeakyReLU",
      "w2": [
        [
          14.81921588057466
        ],
        [
          -3.3265685787826307
        ],
        [
          6.5107745911552755
        ]
      ],
      "w2_lock": [
        [
          0.0
        ],
        [
          0.0
        ],
        [
          0.0
        ]
      ],
      "activation2": "sigmoid",
      "loss": "LCE_Loss"
    },
    {
      "index": 100,
      "seedTP": 3,
      "batch_size": 10,
      "epoch_size": 100,
      "cyclesPerOneStepFwdOfEpoch": 1,
      "learning_rate": 0.8,
      "minRange": -11,
      "maxRange": 16,
      "yParam": [
        [
          0
        ],
        [
          1
        ],
        [
          1
        ],
        [
          0
        ]
      ],
      "xPercents": [
        14,
        24,
        5,
        57
      ],
      "w1": [
        [
          -3.446919344918874,
          -3.9416093217306787
        ],
        [
          -1.801171120579941,
          -2.7047573530034557
        ],
        [
          1.8379554443841184,
          6.553955465539749
        ]
      ],
      "w1_lock": [
        [
          0.0,
          0.0
        ],
        [
          0.0,
          0.0
        ],
        [
          0.0,
          0.0
        ]
      ],
      "activation1": "LeakyReLU",
      "w2": [
        [
          10.991132728755163
        ],
        [
          -3.55592911856799
        ],
        [
          8.092768570396045
        ]
      ],
      "w2_lock": [
        [
          0.0
        ],
        [
          0.0
        ],
        [
          0.0
        ]
      ],
      "activation2": "sigmoid",
      "loss": "LCE_Loss"
    }
  ]
}