{
  "version": "1.0",
  "TP list": [
    {
      "index": 0,
      "seedTP": 3,
      "batch_size": 10,
      "epoch_size": 100,
      "cyclesPerOneStepFwdOfEpoch": 1,
      "learning_rate": 0.8,
      "minRange": -11,
      "maxRange": 16,
      "yParam": [
        [
          0
        ],
        [
          1
        ],
        [
          1
        ],
        [
          0
        ]
      ],
      "xPercents": [
        14,
        24,
        5,
        57
      ],
      "w1": [
        [
          -7.930855462122108,
          -0.4368388566171255
        ],
        [
          2.9519849307768187,
          0.6269565511828006
        ],
        [
          4.8435614288297995,
          8.921620256888325
        ]
      ],
      "w1_lock": [
        [
          0.0,
          0.0
        ],
        [
          0.0,
          0.0
        ],
        [
          0.0,
          0.0
        ]
      ],
      "activation1": "LeakyReLU",
      "w2": [
        [
          14.81921588057466
        ],
        [
          -3.3265685787826307
        ],
        [
          6.5107745911552755
        ]
      ],
      "w2_lock": [
        [
          0.0
        ],
        [
          0.0
        ],
        [
          0.0
        ]
      ],
      "activation2": "sigmoid",
      "loss": "LCE_Loss"
    },
    {
      "index": 100,
      "seedTP": 3,
      "batch_size": 10,
      "epoch_size": 100,
      "cyclesPerOneStepFwdOfEpoch": 1,
      "learning_rate": 0.8,
      "minRange": -11,
      "maxRange": 16,
      "yParam": [
        [
          1
        ],
        [
          0
        ],
        [
          0
        ],
        [
          1
        ]
      ],
      "xPercents": [
        14,
        24,
        5,
        57
      ],
      "w1": [
        [
          -5.4352130751882095,
          -5.4298888805770344
        ],
        [
          1.8008020484472287,
          2.938869237519862
        ],
        [
          0.08300704285221379,
          5.489016293279013
        ]
      ],
      "w1_lock": [
        [
          0.0,
          0.0
        ],
        [
          0.0,
          0.0
        ],
        [
          0.0,
          0.0
        ]
      ],
      "activation1": "LeakyReLU",
      "w2": [
        [
          11.733838390521763
        ],
        [
          -2.8724181232213657
        ],
        [
          7.780194385270943
        ]
      ],
      "w2_lock": [
        [
          0.0
        ],
        [
          0.0
        ],
        [
          0.0
        ]
      ],
      "activation2": "sigmoid",
      "loss": "LCE_Loss"
    },
    {
      "index": 200,
      "seedTP": 3,
      "batch_size": 10,
      "epoch_size": 100,
      "cyclesPerOneStepFwdOfEpoch": 1,
      "learning_rate": 0.8,
      "minRange": -11,
      "maxRange": 16,
      "yParam": [
        [
          1
        ],
        [
          0
        ],
        [
          0
        ],
        [
          1
        ]
      ],
      "xPercents": [
        14,
        24,
        5,
        57
      ],
      "w1": [
        [
          -5.186548105778029,
          -8.268597963386847
        ],
        [
          0.9692356735410349,
          2.6729868746437013
        ],
        [
          -1.8357201247490607,
          1.5896412783074974
        ]
      ],
      "w1_lock": [
        [
          0.0,
          0.0
        ],
        [
          0.0,
          0.0
        ],
        [
          0.0,
          0.0
        ]
      ],
      "activation1": "LeakyReLU",
      "w2": [
        [
          10.889170532143185
        ],
        [
          -2.481813106419818
        ],
        [
          8.302962209855401
        ]
      ],
      "w2_lock": [
        [
          0.0
        ],
        [
          0.0
        ],
        [
          0.0
        ]
      ],
      "activation2": "sigmoid",
      "loss": "LCE_Loss"
    }
  ]
}