{
  "version": "1.0",
  "TP list": [
    {
      "index": 0,
      "seedTP": 3,
      "batch_size": 10,
      "epoch_size": 100,
      "cyclesPerOneStepFwdOfEpoch": 1,
      "learning_rate": 0.8,
      "minRange": -11,
      "maxRange": 16,
      "yParam": [
        [
          0
        ],
        [
          1
        ],
        [
          1
        ],
        [
          0
        ]
      ],
      "xPercents": [
        14,
        24,
        5,
        57
      ],
      "w1": [
        [
          -7.930855462122108,
          -0.4368388566171255
        ],
        [
          2.9519849307768187,
          0.6269565511828006
        ],
        [
          4.8435614288297995,
          8.921620256888325
        ]
      ],
      "w1_lock": [
        [
          0,
          0
        ],
        [
          0,
          0
        ],
        [
          0,
          0
        ]
      ],
      "activation1": "LeakyReLU",
      "w2": [
        [
          14.81921588057466
        ],
        [
          -3.3265685787826307
        ],
        [
          6.5107745911552755
        ]
      ],
      "w2_lock": [
        [
          0
        ],
        [
          0
        ],
        [
          0
        ]
      ],
      "activation2": "linear",
      "loss": "Hinge_Loss"
    },
    {
      "index": 100,
      "seedTP": 3,
      "batch_size": 10,
      "epoch_size": 100,
      "cyclesPerOneStepFwdOfEpoch": 1,
      "learning_rate": 0.8,
      "minRange": -11,
      "maxRange": 16,
      "yParam": [
        [
          0
        ],
        [
          1
        ],
        [
          1
        ],
        [
          0
        ]
      ],
      "xPercents": [
        14,
        24,
        5,
        57
      ],
      "w1": [
        [
          -9.716439635321086,
          -4.087289893176611
        ],
        [
          2.9040198495762803,
          2.850680710362274
        ],
        [
          -2.9756798866041145,
          4.227228580963824
        ]
      ],
      "w1_lock": [
        [
          0,
          0
        ],
        [
          0,
          0
        ],
        [
          0,
          0
        ]
      ],
      "activation1": "LeakyReLU",
      "w2": [
        [
          10.87128540539533
        ],
        [
          -0.7279687243064666
        ],
        [
          7.310774591155279
        ]
      ],
      "w2_lock": [
        [
          0
        ],
        [
          0
        ],
        [
          0
        ]
      ],
      "activation2": "linear",
      "loss": "Hinge_Loss"
    }
  ]
}