{
  "version": "1.0",
  "TP list": [
    {
      "index": 0,
      "seedTP": 43904,
      "batch_size": 4,
      "epoch_size": 200,
      "cyclesPerOneStepFwdOfEpoch": 2,
      "learning_rate": 0.3,
      "minRange": -5,
      "maxRange": 5,
      "yParam": [
        [
          0
        ],
        [
          1
        ],
        [
          1
        ],
        [
          0
        ]
      ],
      "xPercents": [
        1,
        0,
        16,
        83
      ],
      "w1": [
        [
          -4.587708297687795,
          -1.9891447819468433
        ],
        [
          -1.5639555314554432,
          -4.667548952573628
        ],
        [
          4.425436629312809,
          1.9259591848498738
        ]
      ],
      "w1_lock": [
        [
          0,
          0
        ],
        [
          0,
          0
        ],
        [
          0,
          0
        ]
      ],
      "activation1": "tanh",
      "w2": [
        [
          1.8413042481478348
        ],
        [
          -3.870045169599666
        ],
        [
          -1.688110775084465
        ]
      ],
      "w2_lock": [
        [
          0
        ],
        [
          0
        ],
        [
          0
        ]
      ],
      "activation2": "linear",
      "loss": "Hinge_Loss"
    }
  ]
}