{
  "version": "1.0",
  "TP list": [
    {
      "index": 0,
      "seedTP": 28720,
      "batch_size": 1,
      "epoch_size": 200,
      "cyclesPerOneStepFwdOfEpoch": 2,
      "learning_rate": 0.57,
      "minRange": -18,
      "maxRange": 18,
      "yParam": [
        [
          0
        ],
        [
          1
        ],
        [
          1
        ],
        [
          0
        ]
      ],
      "xPercents": [
        19,
        47,
        23,
        11
      ],
      "w1": [
        [
          -3.8415763173168163,
          -8.926276137950385
        ],
        [
          0.29533021677335114,
          -5.9935913895619475
        ],
        [
          -7.441624560371121,
          -12.479650570350103
        ]
      ],
      "w1_lock": [
        [
          0.0,
          0.0
        ],
        [
          0.0,
          0.0
        ],
        [
          0.0,
          0.0
        ]
      ],
      "activation1": "LeakyReLU",
      "w2": [
        [
          0.07202309604419099
        ],
        [
          1.6515251015115453
        ],
        [
          -0.9846224922889135
        ]
      ],
      "w2_lock": [
        [
          0.0
        ],
        [
          0.0
        ],
        [
          0.0
        ]
      ],
      "activation2": "linear",
      "loss": "Hinge_Loss_0_1"
    },
    {
      "index": 200,
      "seedTP": 28720,
      "batch_size": 1,
      "epoch_size": 200,
      "cyclesPerOneStepFwdOfEpoch": 2,
      "learning_rate": 0.57,
      "minRange": -18,
      "maxRange": 18,
      "yParam": [
        [
          0
        ],
        [
          1
        ],
        [
          1
        ],
        [
          0
        ]
      ],
      "xPercents": [
        19,
        47,
        23,
        11
      ],
      "w1": [
        [
          -3.538539130761361,
          -6.779647284182878
        ],
        [
          2.4327479365098004,
          -4.524481112665253
        ],
        [
          -5.082496824534524,
          -7.512336084235195
        ]
      ],
      "w1_lock": [
        [
          0.0,
          0.0
        ],
        [
          0.0,
          0.0
        ],
        [
          0.0,
          0.0
        ]
      ],
      "activation1": "LeakyReLU",
      "w2": [
        [
          1.4562840313897762
        ],
        [
          -2.6026114098409048
        ],
        [
          0.7253775077110864
        ]
      ],
      "w2_lock": [
        [
          0.0
        ],
        [
          0.0
        ],
        [
          0.0
        ]
      ],
      "activation2": "linear",
      "loss": "Hinge_Loss_0_1"
    },
    {
      "index": 400,
      "seedTP": 28720,
      "batch_size": 1,
      "epoch_size": 200,
      "cyclesPerOneStepFwdOfEpoch": 2,
      "learning_rate": 0.57,
      "minRange": -18,
      "maxRange": 18,
      "yParam": [
        [
          0
        ],
        [
          1
        ],
        [
          1
        ],
        [
          0
        ]
      ],
      "xPercents": [
        19,
        47,
        23,
        11
      ],
      "w1": [
        [
          -2.8008958799713386,
          -5.708161965796095
        ],
        [
          4.995467385630925,
          -3.4722598783832144
        ],
        [
          -2.635767786444986,
          -3.5897489022283695
        ]
      ],
      "w1_lock": [
        [
          0.0,
          0.0
        ],
        [
          0.0,
          0.0
        ],
        [
          0.0,
          0.0
        ]
      ],
      "activation1": "LeakyReLU",
      "w2": [
        [
          2.1247662911138354
        ],
        [
          -2.738466047999037
        ],
        [
          -0.9846224922889134
        ]
      ],
      "w2_lock": [
        [
          0.0
        ],
        [
          0.0
        ],
        [
          0.0
        ]
      ],
      "activation2": "linear",
      "loss": "Hinge_Loss_0_1"
    },
    {
      "index": 600,
      "seedTP": 28720,
      "batch_size": 1,
      "epoch_size": 200,
      "cyclesPerOneStepFwdOfEpoch": 2,
      "learning_rate": 0.57,
      "minRange": -18,
      "maxRange": 18,
      "yParam": [
        [
          0
        ],
        [
          1
        ],
        [
          1
        ],
        [
          0
        ]
      ],
      "xPercents": [
        19,
        47,
        23,
        11
      ],
      "w1": [
        [
          -3.9513378739769096,
          -6.143503232341561
        ],
        [
          3.9159060091733204,
          0.9678079320988111
        ],
        [
          -1.1242135670734212,
          -1.946355440244111
        ]
      ],
      "w1_lock": [
        [
          0.0,
          0.0
        ],
        [
          0.0,
          0.0
        ],
        [
          0.0,
          0.0
        ]
      ],
      "activation1": "LeakyReLU",
      "w2": [
        [
          1.3118004116827435
        ],
        [
          -3.3502727149717786
        ],
        [
          -0.9846224922889134
        ]
      ],
      "w2_lock": [
        [
          0.0
        ],
        [
          0.0
        ],
        [
          0.0
        ]
      ],
      "activation2": "linear",
      "loss": "Hinge_Loss_0_1"
    },
    {
      "index": 800,
      "seedTP": 28720,
      "batch_size": 1,
      "epoch_size": 200,
      "cyclesPerOneStepFwdOfEpoch": 2,
      "learning_rate": 0.57,
      "minRange": -18,
      "maxRange": 18,
      "yParam": [
        [
          0
        ],
        [
          1
        ],
        [
          1
        ],
        [
          0
        ]
      ],
      "xPercents": [
        19,
        47,
        23,
        11
      ],
      "w1": [
        [
          -3.9530264016983474,
          -6.247669702005657
        ],
        [
          4.117523998709658,
          2.333767218244428
        ],
        [
          -1.2827650661916155,
          -4.120056950537975
        ]
      ],
      "w1_lock": [
        [
          0.0,
          0.0
        ],
        [
          0.0,
          0.0
        ],
        [
          0.0,
          0.0
        ]
      ],
      "activation1": "LeakyReLU",
      "w2": [
        [
          1.8920087528073108
        ],
        [
          -4.656214916145854
        ],
        [
          -2.124622492288913
        ]
      ],
      "w2_lock": [
        [
          0.0
        ],
        [
          0.0
        ],
        [
          0.0
        ]
      ],
      "activation2": "linear",
      "loss": "Hinge_Loss_0_1"
    }
  ]
}