{
  "version": "1.0",
  "TP list": [
    {
      "index": 0,
      "seedTP": 3,
      "batch_size": 10,
      "epoch_size": 100,
      "cyclesPerOneStepFwdOfEpoch": 1,
      "learning_rate": 0.8,
      "minRange": -11,
      "maxRange": 16,
      "yParam": [
        [
          0
        ],
        [
          1
        ],
        [
          1
        ],
        [
          0
        ]
      ],
      "xPercents": [
        14,
        24,
        5,
        57
      ],
      "w1": [
        [
          -7.930855462122108,
          -0.4368388566171255
        ],
        [
          2.9519849307768187,
          0.6269565511828006
        ],
        [
          4.8435614288297995,
          8.921620256888325
        ]
      ],
      "w1_lock": [
        [
          0,
          0
        ],
        [
          0,
          0
        ],
        [
          0,
          0
        ]
      ],
      "activation1": "LeakyReLU",
      "w2": [
        [
          14.81921588057466
        ],
        [
          -3.3265685787826307
        ],
        [
          6.5107745911552755
        ]
      ],
      "w2_lock": [
        [
          0
        ],
        [
          0
        ],
        [
          0
        ]
      ],
      "activation2": "sigmoid",
      "loss": "LCE_Loss"
    },
    {
      "index": 100,
      "seedTP": 3,
      "batch_size": 10,
      "epoch_size": 100,
      "cyclesPerOneStepFwdOfEpoch": 2,
      "learning_rate": 0.8,
      "minRange": -11,
      "maxRange": 16,
      "yParam": [
        [
          0
        ],
        [
          1
        ],
        [
          1
        ],
        [
          0
        ]
      ],
      "xPercents": [
        14,
        24,
        5,
        57
      ],
      "w1": [
        [
          -7.697818122586586,
          1.8935345387381433
        ],
        [
          4.017581221768182,
          -0.17778436594753094
        ],
        [
          2.5488354955430323,
          8.724230379421302
        ]
      ],
      "w1_lock": [
        [
          0,
          0
        ],
        [
          0,
          0
        ],
        [
          0,
          0
        ]
      ],
      "activation1": "LeakyReLU",
      "w2": [
        [
          7.639581249488507
        ],
        [
          -6.309490157409198
        ],
        [
          6.313384713688244
        ]
      ],
      "w2_lock": [
        [
          0
        ],
        [
          0
        ],
        [
          0
        ]
      ],
      "activation2": "sigmoid",
      "loss": "LCE_Loss"
    },
    {
      "index": 200,
      "seedTP": 3,
      "batch_size": 10,
      "epoch_size": 100,
      "cyclesPerOneStepFwdOfEpoch": 2,
      "learning_rate": 0.8,
      "minRange": -11,
      "maxRange": 16,
      "yParam": [
        [
          0
        ],
        [
          1
        ],
        [
          1
        ],
        [
          0
        ]
      ],
      "xPercents": [
        14,
        24,
        5,
        57
      ],
      "w1": [
        [
          -7.451678385699709,
          4.354931907606958
        ],
        [
          5.065419688744991,
          -3.4181544721092316
        ],
        [
          -0.17372475194509457,
          8.216203198464045
        ]
      ],
      "w1_lock": [
        [
          0,
          0
        ],
        [
          0,
          0
        ],
        [
          0,
          0
        ]
      ],
      "activation1": "LeakyReLU",
      "w2": [
        [
          6.276667797800022
        ],
        [
          -1.85018682927634
        ],
        [
          5.8053575327309765
        ]
      ],
      "w2_lock": [
        [
          0
        ],
        [
          0
        ],
        [
          0
        ]
      ],
      "activation2": "sigmoid",
      "loss": "LCE_Loss"
    }
  ]
}