{
  "version": "1.0",
  "TP list": [
    {
      "index": 0,
      "seedTP": 41043,
      "batch_size": 1,
      "epoch_size": 500,
      "cyclesPerOneStepFwdOfEpoch": 2,
      "learning_rate": 0.14,
      "minRange": -2,
      "maxRange": 2,
      "yParam": [
        [
          0
        ],
        [
          1
        ],
        [
          1
        ],
        [
          0
        ]
      ],
      "xPercents": [
        15,
        11,
        49,
        25
      ],
      "w1": [
        [
          0.14152821552021266,
          0.5228441116946378
        ],
        [
          0.40839787824512497,
          -0.8464555751054981
        ],
        [
          0.23562657308780244,
          0.028906273874899968
        ]
      ],
      "w1_lock": [
        [
          0,
          0
        ],
        [
          0,
          0
        ],
        [
          0,
          0
        ]
      ],
      "activation1": "LeakyReLU",
      "w2": [
        [
          -0.60602718296468
        ],
        [
          -0.3611461019735005
        ],
        [
          0.3536824312376645
        ]
      ],
      "w2_lock": [
        [
          0
        ],
        [
          0
        ],
        [
          0
        ]
      ],
      "activation2": "linear",
      "loss": "Hinge_Loss_0_1"
    }
  ]
}